{"cameraMode":{"drawMode":0,"name":"Shaded","section":"Shading Mode"},"sceneLighting":true,"audioPlay":false,"sceneViewState":{"showFog":true,"showMaterialUpdate":false,"showSkybox":true,"showFlares":true,"showImageEffects":true,"showParticleSystems":true},"in2DMode":false,"pivot":{"x":-5.295802116394043,"y":7.420068264007568,"z":-4.92388916015625},"rotation":{"x":0.00025076305610127747,"y":0.9982103109359741,"z":0.05965442955493927,"w":-0.00418861536309123},"size":22.5500545501709,"orthographic":false}