{"cameraMode":{"drawMode":0,"name":"Shaded","section":"Shading Mode"},"sceneLighting":true,"audioPlay":false,"sceneViewState":{"showFog":true,"showMaterialUpdate":false,"showSkybox":true,"showFlares":true,"showImageEffects":true,"showParticleSystems":true},"in2DMode":false,"pivot":{"x":6.78000020980835,"y":3.2800002098083498,"z":-5.249995708465576},"rotation":{"x":0.03595647215843201,"y":0.8115684390068054,"z":-0.0502270832657814,"w":0.5809828042984009},"size":5.670621871948242,"orthographic":false}